Workbook

Sheet Instructions
A1: Daily Sales Report - How to Use This Workbook
A3: 1. | B3: Go to the "Sales Data" tab. Copy the exported item-sold rows from your POS report (Creation Time through In Store Price columns - same layout as the SKU export) and paste them starting at cell A3, overwriting the yellow example row. Paste values only into columns A:K - do not touch columns M:R, they calculate automatically.
A4: 2. | B4: Rows with Gender = "U" are accessories. They are automatically excluded from the Top 3 Sellers ranking and the Hourly Units/Revenue charts, but ARE included in "All Items" totals and the traffic-based conversion metrics (see assumption note on Dashboard).
A5: 3. | B5: Go to the "Dashboard" tab. In the yellow "Traffic & Conversion" boxes, paste today's SenSource visitor traffic count and your POS total receipt (transaction) count.
A6: 4. | B6: Everything else on the Dashboard - KPIs, the Top 3 Sellers chart, the Units/Revenue by Hour charts, and the category mix chart - recalculates automatically.
A7: 5. | B7: The "Calc" tab is a backend worksheet that builds the hour-by-hour breakdown feeding the charts. You shouldn't need to edit it, but nothing is locked if you want to inspect the formulas.
A9: Color key:
B10: Yellow fill = paste/edit your data here.
B11: Blue bold text = a manual input or assumption.
B12: Black text = calculated automatically - do not overwrite.
A14: Assumption: "Creation Time" must paste in as a real date/time value (this is the default when copying cell ranges between Excel workbooks). If it pastes as plain text, the Hour column on the Sales Data tab will show blank and the hourly charts will read zero - reformat column A as Date/Time if that happens.

Sheet Dashboard
A1: Daily Sales Report
A3: Store ID: | B3: =IF('Sales Data'!B3="","",'Sales Data'!B3) -> X206 | D3: Report Date: | E3: =IFERROR(TEXT('Sales Data'!A3,"mmmm d, yyyy"),"") -> August 29, 2026
A5: KEY METRICS
A6: Total Units Sold (Excl. Accessories) | C6: =Calc!C29 -> 1
A7: Total Revenue (Excl. Accessories) | C7: =Calc!C30 -> 560
A8: Total Units Sold (All Items, incl. Accessories) | C8: =SUM('Sales Data'!I3:I302) -> 1
A9: Total Revenue (All Items, incl. Accessories) | C9: =SUM('Sales Data'!N3:N302) -> 560
A10: Average Item Price (All Items) | C10: =IFERROR(C9/C8,0) -> 560
A11: Avg Units Sold per Hour | C11: =Calc!C31 -> 1
A12: Avg Revenue per Hour | C12: =Calc!C32 -> 560
A13: Peak Hour (by Units) | C13: =Calc!C33 -> 12 PM
A14: Peak Hour (by Revenue) | C14: =Calc!C34 -> 12 PM
A15: Items Now Out of Stock (Restock Needed) | C15: =COUNTIFS('Sales Data'!J3:J302,0,'Sales Data'!C3:C302,"<>U") -> 0
A17: TRAFFIC & CONVERSION (paste from SenSource / POS)
A18: Daily Store Traffic (Visitors) | C18: 0
A19: Total Sales Receipts (Transactions) | C19: 0
A20: Conversion Rate (Receipts / Traffic) | C20: =IFERROR(C19/C18,0) -> 0
A21: Average Transaction Value (Revenue / Receipts) | C21: =IFERROR(C9/C19,0) -> 0
A22: Units per Transaction (Units / Receipts) | C22: =IFERROR(C8/C19,0) -> 0
A23: Assumption: conversion metrics use revenue/units for ALL items (accessories included), since a receipt can include an accessory-only purchase. Top 3 Sellers and the hourly charts below exclude accessories (Gender = U) per the report spec.
A25: TOP 3 SELLERS (Excl. Accessories)
A26: Rank | B26: Model Name | C26: Units Sold | D26: Revenue
A27: 1 | B27: =IFERROR(INDEX('Sales Data'!$E$3:$E$302,MATCH(LARGE('Sales Data'!$R$3:$R$302,1),'Sales Data'!$R$3:$R$302,0)),"N/A") -> Mionn Insulated Jacket Men's | C27: =IFERROR(INDEX('Sales Data'!$O$3:$O$302,MATCH(LARGE('Sales Data'!$R$3:$R$302,1),'Sales Data'!$R$3:$R$302,0)),0) -> 1 | D27: =IFERROR(INDEX('Sales Data'!$P$3:$P$302,MATCH(LARGE('Sales Data'!$R$3:$R$302,1),'Sales Data'!$R$3:$R$302,0)),0) -> 560
A28: 2 | B28: =IFERROR(INDEX('Sales Data'!$E$3:$E$302,MATCH(LARGE('Sales Data'!$R$3:$R$302,2),'Sales Data'!$R$3:$R$302,0)),"N/A") -> N/A | C28: =IFERROR(INDEX('Sales Data'!$O$3:$O$302,MATCH(LARGE('Sales Data'!$R$3:$R$302,2),'Sales Data'!$R$3:$R$302,0)),0) -> 0 | D28: =IFERROR(INDEX('Sales Data'!$P$3:$P$302,MATCH(LARGE('Sales Data'!$R$3:$R$302,2),'Sales Data'!$R$3:$R$302,0)),0) -> 0
A29: 3 | B29: =IFERROR(INDEX('Sales Data'!$E$3:$E$302,MATCH(LARGE('Sales Data'!$R$3:$R$302,3),'Sales Data'!$R$3:$R$302,0)),"N/A") -> N/A | C29: =IFERROR(INDEX('Sales Data'!$O$3:$O$302,MATCH(LARGE('Sales Data'!$R$3:$R$302,3),'Sales Data'!$R$3:$R$302,0)),0) -> 0 | D29: =IFERROR(INDEX('Sales Data'!$P$3:$P$302,MATCH(LARGE('Sales Data'!$R$3:$R$302,3),'Sales Data'!$R$3:$R$302,0)),0) -> 0
A31: SALES MIX BY CATEGORY (All Items)
A32: Category | B32: Units | C32: Revenue
A33: Men's (M) | B33: =SUMIFS('Sales Data'!$I$3:$I$302,'Sales Data'!$C$3:$C$302,"M") -> 1 | C33: =SUMIFS('Sales Data'!$N$3:$N$302,'Sales Data'!$C$3:$C$302,"M") -> 560
A34: Women's (W) | B34: =SUMIFS('Sales Data'!$I$3:$I$302,'Sales Data'!$C$3:$C$302,"W") -> 0 | C34: =SUMIFS('Sales Data'!$N$3:$N$302,'Sales Data'!$C$3:$C$302,"W") -> 0
A35: Accessories/Unisex (U) | B35: =SUMIFS('Sales Data'!$I$3:$I$302,'Sales Data'!$C$3:$C$302,"U") -> 0 | C35: =SUMIFS('Sales Data'!$N$3:$N$302,'Sales Data'!$C$3:$C$302,"U") -> 0

Sheet Sales Data
A1: PASTE your daily item-sold export into columns A:K starting at row 3 (overwrite the example row below). Do not edit columns M:R - they calculate automatically.
A2: Creation Time | B2: Store ID | C2: Gender | D2: Clothing Category | E2: Model Name | F2: Color | G2: Size | H2: SKU | I2: Quantity Sold | J2: On Hand Quantity (Real Time) | K2: In Store Price | M2: Hour | N2: Line Revenue | O2: Model Total Qty | P2: Model Total Revenue | Q2: First Occ. | R2: Rank Key
A3: 2026-08-29 12:56:44 | B3: X206 | C3: M | E3: Mionn Insulated Jacket Men's | F3: Black | G3: M | H3: X000009116004 | I3: 1 | J3: 1 | K3: 560 | M3: =IF($A3="","",HOUR($A3)) -> 12 | N3: =IF($A3="","",$I3*$K3) -> 560 | O3: =IF(OR($A3="",$C3="U"),"",SUMIFS($I$3:$I$302,$E$3:$E$302,$E3,$C$3:$C$302,"<>U")) -> 1 | P3: =IF(OR($A3="",$C3="U"),"",SUMIFS($N$3:$N$302,$E$3:$E$302,$E3,$C$3:$C$302,"<>U")) -> 560 | Q3: =IF(OR($A3="",$C3="U"),"",IF(COUNTIFS($E$3:$E3,$E3,$C$3:$C3,"<>U")=1,1,0)) -> 1 | R3: =IF($Q3=1,$O3-ROW()/100000,"") -> 0.99997
M4: =IF($A4="","",HOUR($A4)) | N4: =IF($A4="","",$I4*$K4) | O4: =IF(OR($A4="",$C4="U"),"",SUMIFS($I$3:$I$302,$E$3:$E$302,$E4,$C$3:$C$302,"<>U")) | P4: =IF(OR($A4="",$C4="U"),"",SUMIFS($N$3:$N$302,$E$3:$E$302,$E4,$C$3:$C$302,"<>U")) | Q4: =IF(OR($A4="",$C4="U"),"",IF(COUNTIFS($E$3:$E4,$E4,$C$3:$C4,"<>U")=1,1,0)) | R4: =IF($Q4=1,$O4-ROW()/100000,"")
M5: =IF($A5="","",HOUR($A5)) | N5: =IF($A5="","",$I5*$K5) | O5: =IF(OR($A5="",$C5="U"),"",SUMIFS($I$3:$I$302,$E$3:$E$302,$E5,$C$3:$C$302,"<>U")) | P5: =IF(OR($A5="",$C5="U"),"",SUMIFS($N$3:$N$302,$E$3:$E$302,$E5,$C$3:$C$302,"<>U")) | Q5: =IF(OR($A5="",$C5="U"),"",IF(COUNTIFS($E$3:$E5,$E5,$C$3:$C5,"<>U")=1,1,0)) | R5: =IF($Q5=1,$O5-ROW()/100000,"")
M6: =IF($A6="","",HOUR($A6)) | N6: =IF($A6="","",$I6*$K6) | O6: =IF(OR($A6="",$C6="U"),"",SUMIFS($I$3:$I$302,$E$3:$E$302,$E6,$C$3:$C$302,"<>U")) | P6: =IF(OR($A6="",$C6="U"),"",SUMIFS($N$3:$N$302,$E$3:$E$302,$E6,$C$3:$C$302,"<>U")) | Q6: =IF(OR($A6="",$C6="U"),"",IF(COUNTIFS($E$3:$E6,$E6,$C$3:$C6,"<>U")=1,1,0)) | R6: =IF($Q6=1,$O6-ROW()/100000,"")
M7: =IF($A7="","",HOUR($A7)) | N7: =IF($A7="","",$I7*$K7) | O7: =IF(OR($A7="",$C7="U"),"",SUMIFS($I$3:$I$302,$E$3:$E$302,$E7,$C$3:$C$302,"<>U")) | P7: =IF(OR($A7="",$C7="U"),"",SUMIFS($N$3:$N$302,$E$3:$E$302,$E7,$C$3:$C$302,"<>U")) | Q7: =IF(OR($A7="",$C7="U"),"",IF(COUNTIFS($E$3:$E7,$E7,$C$3:$C7,"<>U")=1,1,0)) | R7: =IF($Q7=1,$O7-ROW()/100000,"")
M8: =IF($A8="","",HOUR($A8)) | N8: =IF($A8="","",$I8*$K8) | O8: =IF(OR($A8="",$C8="U"),"",SUMIFS($I$3:$I$302,$E$3:$E$302,$E8,$C$3:$C$302,"<>U")) | P8: =IF(OR($A8="",$C8="U"),"",SUMIFS($N$3:$N$302,$E$3:$E$302,$E8,$C$3:$C$302,"<>U")) | Q8: =IF(OR($A8="",$C8="U"),"",IF(COUNTIFS($E$3:$E8,$E8,$C$3:$C8,"<>U")=1,1,0)) | R8: =IF($Q8=1,$O8-ROW()/100000,"")
M9: =IF($A9="","",HOUR($A9)) | N9: =IF($A9="","",$I9*$K9) | O9: =IF(OR($A9="",$C9="U"),"",SUMIFS($I$3:$I$302,$E$3:$E$302,$E9,$C$3:$C$302,"<>U")) | P9: =IF(OR($A9="",$C9="U"),"",SUMIFS($N$3:$N$302,$E$3:$E$302,$E9,$C$3:$C$302,"<>U")) | Q9: =IF(OR($A9="",$C9="U"),"",IF(COUNTIFS($E$3:$E9,$E9,$C$3:$C9,"<>U")=1,1,0)) | R9: =IF($Q9=1,$O9-ROW()/100000,"")
M10: =IF($A10="","",HOUR($A10)) | N10: =IF($A10="","",$I10*$K10) | O10: =IF(OR($A10="",$C10="U"),"",SUMIFS($I$3:$I$302,$E$3:$E$302,$E10,$C$3:$C$302,"<>U")) | P10: =IF(OR($A10="",$C10="U"),"",SUMIFS($N$3:$N$302,$E$3:$E$302,$E10,$C$3:$C$302,"<>U")) | Q10: =IF(OR($A10="",$C10="U"),"",IF(COUNTIFS($E$3:$E10,$E10,$C$3:$C10,"<>U")=1,1,0)) | R10: =IF($Q10=1,$O10-ROW()/100000,"")
M11: =IF($A11="","",HOUR($A11)) | N11: =IF($A11="","",$I11*$K11) | O11: =IF(OR($A11="",$C11="U"),"",SUMIFS($I$3:$I$302,$E$3:$E$302,$E11,$C$3:$C$302,"<>U")) | P11: =IF(OR($A11="",$C11="U"),"",SUMIFS($N$3:$N$302,$E$3:$E$302,$E11,$C$3:$C$302,"<>U")) | Q11: =IF(OR($A11="",$C11="U"),"",IF(COUNTIFS($E$3:$E11,$E11,$C$3:$C11,"<>U")=1,1,0)) | R11: =IF($Q11=1,$O11-ROW()/100000,"")
M12: =IF($A12="","",HOUR($A12)) | N12: =IF($A12="","",$I12*$K12) | O12: =IF(OR($A12="",$C12="U"),"",SUMIFS($I$3:$I$302,$E$3:$E$302,$E12,$C$3:$C$302,"<>U")) | P12: =IF(OR($A12="",$C12="U"),"",SUMIFS($N$3:$N$302,$E$3:$E$302,$E12,$C$3:$C$302,"<>U")) | Q12: =IF(OR($A12="",$C12="U"),"",IF(COUNTIFS($E$3:$E12,$E12,$C$3:$C12,"<>U")=1,1,0)) | R12: =IF($Q12=1,$O12-ROW()/100000,"")
M13: =IF($A13="","",HOUR($A13)) | N13: =IF($A13="","",$I13*$K13) | O13: =IF(OR($A13="",$C13="U"),"",SUMIFS($I$3:$I$302,$E$3:$E$302,$E13,$C$3:$C$302,"<>U")) | P13: =IF(OR($A13="",$C13="U"),"",SUMIFS($N$3:$N$302,$E$3:$E$302,$E13,$C$3:$C$302,"<>U")) | Q13: =IF(OR($A13="",$C13="U"),"",IF(COUNTIFS($E$3:$E13,$E13,$C$3:$C13,"<>U")=1,1,0)) | R13: =IF($Q13=1,$O13-ROW()/100000,"")
M14: =IF($A14="","",HOUR($A14)) | N14: =IF($A14="","",$I14*$K14) | O14: =IF(OR($A14="",$C14="U"),"",SUMIFS($I$3:$I$302,$E$3:$E$302,$E14,$C$3:$C$302,"<>U")) | P14: =IF(OR($A14="",$C14="U"),"",SUMIFS($N$3:$N$302,$E$3:$E$302,$E14,$C$3:$C$302,"<>U")) | Q14: =IF(OR($A14="",$C14="U"),"",IF(COUNTIFS($E$3:$E14,$E14,$C$3:$C14,"<>U")=1,1,0)) | R14: =IF($Q14=1,$O14-ROW()/100000,"")
M15: =IF($A15="","",HOUR($A15)) | N15: =IF($A15="","",$I15*$K15) | O15: =IF(OR($A15="",$C15="U"),"",SUMIFS($I$3:$I$302,$E$3:$E$302,$E15,$C$3:$C$302,"<>U")) | P15: =IF(OR($A15="",$C15="U"),"",SUMIFS($N$3:$N$302,$E$3:$E$302,$E15,$C$3:$C$302,"<>U")) | Q15: =IF(OR($A15="",$C15="U"),"",IF(COUNTIFS($E$3:$E15,$E15,$C$3:$C15,"<>U")=1,1,0)) | R15: =IF($Q15=1,$O15-ROW()/100000,"")
... M302: =IF($A302="","",HOUR($A302)) | N302: =IF($A302="","",$I302*$K302) | O302: =IF(OR($A302="",$C302="U"),"",SUMIFS($I$3:$I$302,$E$3:$E$302,$E302,$C$3:$C$302,"<>U")) | P302: =IF(OR($A302="",$C302="U"),"",SUMIFS($N$3:$N$302,$E$3:$E$302,$E302,$C$3:$C$302,"<>U")) | Q302: =IF(OR($A302="",$C302="U"),"",IF(COUNTIFS($E$3:$E302,$E302,$C$3:$C302,"<>U")=1,1,0)) | R302: =IF($Q302=1,$O302-ROW()/100000,"")

Sheet Calc
A1: Backend Calculations - Hourly Sales Breakdown (Accessories Excluded)
A2: Hour (24h) | B2: Hour Label | C2: Units Sold | D2: Revenue
A3: 0 | B3: =TEXT(TIME($A3,0,0),"h AM/PM") -> 12 AM | C3: =SUMIFS('Sales Data'!$I$3:$I$302,'Sales Data'!$M$3:$M$302,$A3,'Sales Data'!$C$3:$C$302,"<>U") -> 0 | D3: =SUMIFS('Sales Data'!$N$3:$N$302,'Sales Data'!$M$3:$M$302,$A3,'Sales Data'!$C$3:$C$302,"<>U") -> 0
A4: 1 | B4: =TEXT(TIME($A4,0,0),"h AM/PM") -> 1 AM | C4: =SUMIFS('Sales Data'!$I$3:$I$302,'Sales Data'!$M$3:$M$302,$A4,'Sales Data'!$C$3:$C$302,"<>U") -> 0 | D4: =SUMIFS('Sales Data'!$N$3:$N$302,'Sales Data'!$M$3:$M$302,$A4,'Sales Data'!$C$3:$C$302,"<>U") -> 0
A5: 2 | B5: =TEXT(TIME($A5,0,0),"h AM/PM") -> 2 AM | C5: =SUMIFS('Sales Data'!$I$3:$I$302,'Sales Data'!$M$3:$M$302,$A5,'Sales Data'!$C$3:$C$302,"<>U") -> 0 | D5: =SUMIFS('Sales Data'!$N$3:$N$302,'Sales Data'!$M$3:$M$302,$A5,'Sales Data'!$C$3:$C$302,"<>U") -> 0
A6: 3 | B6: =TEXT(TIME($A6,0,0),"h AM/PM") -> 3 AM | C6: =SUMIFS('Sales Data'!$I$3:$I$302,'Sales Data'!$M$3:$M$302,$A6,'Sales Data'!$C$3:$C$302,"<>U") -> 0 | D6: =SUMIFS('Sales Data'!$N$3:$N$302,'Sales Data'!$M$3:$M$302,$A6,'Sales Data'!$C$3:$C$302,"<>U") -> 0
A7: 4 | B7: =TEXT(TIME($A7,0,0),"h AM/PM") -> 4 AM | C7: =SUMIFS('Sales Data'!$I$3:$I$302,'Sales Data'!$M$3:$M$302,$A7,'Sales Data'!$C$3:$C$302,"<>U") -> 0 | D7: =SUMIFS('Sales Data'!$N$3:$N$302,'Sales Data'!$M$3:$M$302,$A7,'Sales Data'!$C$3:$C$302,"<>U") -> 0
A8: 5 | B8: =TEXT(TIME($A8,0,0),"h AM/PM") -> 5 AM | C8: =SUMIFS('Sales Data'!$I$3:$I$302,'Sales Data'!$M$3:$M$302,$A8,'Sales Data'!$C$3:$C$302,"<>U") -> 0 | D8: =SUMIFS('Sales Data'!$N$3:$N$302,'Sales Data'!$M$3:$M$302,$A8,'Sales Data'!$C$3:$C$302,"<>U") -> 0
A9: 6 | B9: =TEXT(TIME($A9,0,0),"h AM/PM") -> 6 AM | C9: =SUMIFS('Sales Data'!$I$3:$I$302,'Sales Data'!$M$3:$M$302,$A9,'Sales Data'!$C$3:$C$302,"<>U") -> 0 | D9: =SUMIFS('Sales Data'!$N$3:$N$302,'Sales Data'!$M$3:$M$302,$A9,'Sales Data'!$C$3:$C$302,"<>U") -> 0
A10: 7 | B10: =TEXT(TIME($A10,0,0),"h AM/PM") -> 7 AM | C10: =SUMIFS('Sales Data'!$I$3:$I$302,'Sales Data'!$M$3:$M$302,$A10,'Sales Data'!$C$3:$C$302,"<>U") -> 0 | D10: =SUMIFS('Sales Data'!$N$3:$N$302,'Sales Data'!$M$3:$M$302,$A10,'Sales Data'!$C$3:$C$302,"<>U") -> 0
A11: 8 | B11: =TEXT(TIME($A11,0,0),"h AM/PM") -> 8 AM | C11: =SUMIFS('Sales Data'!$I$3:$I$302,'Sales Data'!$M$3:$M$302,$A11,'Sales Data'!$C$3:$C$302,"<>U") -> 0 | D11: =SUMIFS('Sales Data'!$N$3:$N$302,'Sales Data'!$M$3:$M$302,$A11,'Sales Data'!$C$3:$C$302,"<>U") -> 0
A12: 9 | B12: =TEXT(TIME($A12,0,0),"h AM/PM") -> 9 AM | C12: =SUMIFS('Sales Data'!$I$3:$I$302,'Sales Data'!$M$3:$M$302,$A12,'Sales Data'!$C$3:$C$302,"<>U") -> 0 | D12: =SUMIFS('Sales Data'!$N$3:$N$302,'Sales Data'!$M$3:$M$302,$A12,'Sales Data'!$C$3:$C$302,"<>U") -> 0
A13: 10 | B13: =TEXT(TIME($A13,0,0),"h AM/PM") -> 10 AM | C13: =SUMIFS('Sales Data'!$I$3:$I$302,'Sales Data'!$M$3:$M$302,$A13,'Sales Data'!$C$3:$C$302,"<>U") -> 0 | D13: =SUMIFS('Sales Data'!$N$3:$N$302,'Sales Data'!$M$3:$M$302,$A13,'Sales Data'!$C$3:$C$302,"<>U") -> 0
A14: 11 | B14: =TEXT(TIME($A14,0,0),"h AM/PM") -> 11 AM | C14: =SUMIFS('Sales Data'!$I$3:$I$302,'Sales Data'!$M$3:$M$302,$A14,'Sales Data'!$C$3:$C$302,"<>U") -> 0 | D14: =SUMIFS('Sales Data'!$N$3:$N$302,'Sales Data'!$M$3:$M$302,$A14,'Sales Data'!$C$3:$C$302,"<>U") -> 0
... A26: 23 | B26: =TEXT(TIME($A26,0,0),"h AM/PM") -> 11 PM | C26: =SUMIFS('Sales Data'!$I$3:$I$302,'Sales Data'!$M$3:$M$302,$A26,'Sales Data'!$C$3:$C$302,"<>U") -> 0 | D26: =SUMIFS('Sales Data'!$N$3:$N$302,'Sales Data'!$M$3:$M$302,$A26,'Sales Data'!$C$3:$C$302,"<>U") -> 0
A28: Operating Hours (hours with >= 1 sale) | C28: =SUMPRODUCT((C3:C26>0)*1) -> 1
A29: Total Units Sold (Excl. Accessories) | C29: =SUM(C3:C26) -> 1
A30: Total Revenue (Excl. Accessories) | C30: =SUM(D3:D26) -> 560
A31: Avg Units Sold per Hour | C31: =IFERROR(C29/C28,0) -> 1
A32: Avg Revenue per Hour | C32: =IFERROR(C30/C28,0) -> 560
A33: Peak Hour (by Units) | C33: =IFERROR(INDEX(B3:B26,MATCH(MAX(C3:C26),C3:C26,0)),"N/A") -> 12 PM
A34: Peak Hour (by Revenue) | C34: =IFERROR(INDEX(B3:B26,MATCH(MAX(D3:D26),D3:D26,0)),"N/A") -> 12 PM
