Workbook

Sheet SKU Audit
A1: SKU Inventory Audit Workbook — Scan Log
A2: Set your Active Auditor Initials and Active Location below before scanning. Each new scan row stamps the CURRENT values from this panel and keeps them even if the panel is changed later, so historical entries never change.
A4: Active Auditor Initials: | B4: JS | D4: Active Location: | E4: BOH | G4: Today's Date: | H4: =TODAY() -> 46262
A6: Scan Date | B6: Location | C6: UPC | D6: SKU | E6: Product Name | F6: Description | G6: Expected Qty | H6: Counted Qty | I6: Variance | J6: Discrepancy Status | K6: Auditor Initials | L6: Check By User | M6: Marked Out By User | N6: Notes
A7: =IF($C7="","",IF(AND(A7<>"",A7<>0),A7,TODAY())) -> 46262 | B7: =IF($C7="","",IF(AND(B7<>"",B7<>0),B7,$E$4)) -> BOH | C7: 012345678905 | D7: =IF($C7="","",IF(AND(D7<>"",D7<>0,D7<>"UPC Not Found"),D7,IFERROR(INDEX('Product Master'!$B$2:$B$200,MATCH($C7,'Product Master'!$A$2:$A$200,0)),"UPC Not Found"))) -> BEV-COLA-12OZ | E7: =IF($C7="","",IF(AND(E7<>"",E7<>0,E7<>"UPC Not Found"),E7,IFERROR(INDEX('Product Master'!$C$2:$C$200,MATCH($C7,'Product Master'!$A$2:$A$200,0)),"UPC Not Found"))) -> Cola 12oz Can (24-pack) | F7: =IF($C7="","",IF(AND(F7<>"",F7<>0,F7<>"UPC Not Found"),F7,IFERROR(INDEX('Product Master'!$D$2:$D$200,MATCH($C7,'Product Master'!$A$2:$A$200,0)),"UPC Not Found"))) -> Carbonated soft drink, 24 x 12oz cans | G7: =IF($C7="","",IF(AND(G7<>"",G7<>0,G7<>"UPC Not Found"),G7,IFERROR(INDEX('Product Master'!$E$2:$E$200,MATCH($C7,'Product Master'!$A$2:$A$200,0)),"UPC Not Found"))) -> 180 | H7: 175 | I7: =IF(OR($C7="",H7="",G7="UPC Not Found"),"",H7-G7) -> -5 | J7: =IF($C7="","",IF(H7="","Not Counted",IF(I7=0,"Match",IF(I7>0,"Overage","Shortage")))) -> Shortage | K7: =IF($C7="","",IF(AND(K7<>"",K7<>0),K7,$B$4)) -> JS | L7: Morgan Kim | N7: Demo row - minor variance, within normal shrink tolerance. Delete before real use.
A8: =TODAY()-20 -> 46242 | B8: =IF($C8="","",IF(AND(B8<>"",B8<>0),B8,$E$4)) -> BOH | C8: 073456789012 | D8: =IF($C8="","",IF(AND(D8<>"",D8<>0,D8<>"UPC Not Found"),D8,IFERROR(INDEX('Product Master'!$B$2:$B$200,MATCH($C8,'Product Master'!$A$2:$A$200,0)),"UPC Not Found"))) -> DRY-PASTA-16 | E8: =IF($C8="","",IF(AND(E8<>"",E8<>0,E8<>"UPC Not Found"),E8,IFERROR(INDEX('Product Master'!$C$2:$C$200,MATCH($C8,'Product Master'!$A$2:$A$200,0)),"UPC Not Found"))) -> Spaghetti Pasta 16oz | F8: =IF($C8="","",IF(AND(F8<>"",F8<>0,F8<>"UPC Not Found"),F8,IFERROR(INDEX('Product Master'!$D$2:$D$200,MATCH($C8,'Product Master'!$A$2:$A$200,0)),"UPC Not Found"))) -> Dry pasta, 16oz box, case of 20 | G8: =IF($C8="","",IF(AND(G8<>"",G8<>0,G8<>"UPC Not Found"),G8,IFERROR(INDEX('Product Master'!$E$2:$E$200,MATCH($C8,'Product Master'!$A$2:$A$200,0)),"UPC Not Found"))) -> 60 | H8: 60 | I8: =IF(OR($C8="",H8="",G8="UPC Not Found"),"",H8-G8) -> 0 | J8: =IF($C8="","",IF(H8="","Not Counted",IF(I8=0,"Match",IF(I8>0,"Overage","Shortage")))) -> Match | K8: =IF($C8="","",IF(AND(K8<>"",K8<>0),K8,$B$4)) -> JS | L8: Jamie Smith | N8: Demo row - count matched expected. Delete before real use.
A9: =TODAY()-35 -> 46227 | B9: =IF($C9="","",IF(AND(B9<>"",B9<>0),B9,$E$4)) -> BOH | C9: 041234567890 | D9: =IF($C9="","",IF(AND(D9<>"",D9<>0,D9<>"UPC Not Found"),D9,IFERROR(INDEX('Product Master'!$B$2:$B$200,MATCH($C9,'Product Master'!$A$2:$A$200,0)),"UPC Not Found"))) -> SNK-CHIP-BBQ | E9: =IF($C9="","",IF(AND(E9<>"",E9<>0,E9<>"UPC Not Found"),E9,IFERROR(INDEX('Product Master'!$C$2:$C$200,MATCH($C9,'Product Master'!$A$2:$A$200,0)),"UPC Not Found"))) -> BBQ Potato Chips 8oz | F9: =IF($C9="","",IF(AND(F9<>"",F9<>0,F9<>"UPC Not Found"),F9,IFERROR(INDEX('Product Master'!$D$2:$D$200,MATCH($C9,'Product Master'!$A$2:$A$200,0)),"UPC Not Found"))) -> Bagged snack, BBQ flavor, 8oz bag, case of 12 | G9: =IF($C9="","",IF(AND(G9<>"",G9<>0,G9<>"UPC Not Found"),G9,IFERROR(INDEX('Product Master'!$E$2:$E$200,MATCH($C9,'Product Master'!$A$2:$A$200,0)),"UPC Not Found"))) -> 96 | H9: 80 | I9: =IF(OR($C9="",H9="",G9="UPC Not Found"),"",H9-G9) -> -16 | J9: =IF($C9="","",IF(H9="","Not Counted",IF(I9=0,"Match",IF(I9>0,"Overage","Shortage")))) -> Shortage | K9: =IF($C9="","",IF(AND(K9<>"",K9<>0),K9,$B$4)) -> JS | L9: Jamie Smith | M9: Ade Lawal | N9: Demo row - shrinkage suspected, recount requested. Delete before real use.
A10: =IF($C10="","",IF(AND(A10<>"",A10<>0),A10,TODAY())) | B10: =IF($C10="","",IF(AND(B10<>"",B10<>0),B10,$E$4)) | D10: =IF($C10="","",IF(AND(D10<>"",D10<>0,D10<>"UPC Not Found"),D10,IFERROR(INDEX('Product Master'!$B$2:$B$200,MATCH($C10,'Product Master'!$A$2:$A$200,0)),"UPC Not Found"))) | E10: =IF($C10="","",IF(AND(E10<>"",E10<>0,E10<>"UPC Not Found"),E10,IFERROR(INDEX('Product Master'!$C$2:$C$200,MATCH($C10,'Product Master'!$A$2:$A$200,0)),"UPC Not Found"))) | F10: =IF($C10="","",IF(AND(F10<>"",F10<>0,F10<>"UPC Not Found"),F10,IFERROR(INDEX('Product Master'!$D$2:$D$200,MATCH($C10,'Product Master'!$A$2:$A$200,0)),"UPC Not Found"))) | G10: =IF($C10="","",IF(AND(G10<>"",G10<>0,G10<>"UPC Not Found"),G10,IFERROR(INDEX('Product Master'!$E$2:$E$200,MATCH($C10,'Product Master'!$A$2:$A$200,0)),"UPC Not Found"))) | I10: =IF(OR($C10="",H10="",G10="UPC Not Found"),"",H10-G10) | J10: =IF($C10="","",IF(H10="","Not Counted",IF(I10=0,"Match",IF(I10>0,"Overage","Shortage")))) | K10: =IF($C10="","",IF(AND(K10<>"",K10<>0),K10,$B$4))
A11: =IF($C11="","",IF(AND(A11<>"",A11<>0),A11,TODAY())) | B11: =IF($C11="","",IF(AND(B11<>"",B11<>0),B11,$E$4)) | D11: =IF($C11="","",IF(AND(D11<>"",D11<>0,D11<>"UPC Not Found"),D11,IFERROR(INDEX('Product Master'!$B$2:$B$200,MATCH($C11,'Product Master'!$A$2:$A$200,0)),"UPC Not Found"))) | E11: =IF($C11="","",IF(AND(E11<>"",E11<>0,E11<>"UPC Not Found"),E11,IFERROR(INDEX('Product Master'!$C$2:$C$200,MATCH($C11,'Product Master'!$A$2:$A$200,0)),"UPC Not Found"))) | F11: =IF($C11="","",IF(AND(F11<>"",F11<>0,F11<>"UPC Not Found"),F11,IFERROR(INDEX('Product Master'!$D$2:$D$200,MATCH($C11,'Product Master'!$A$2:$A$200,0)),"UPC Not Found"))) | G11: =IF($C11="","",IF(AND(G11<>"",G11<>0,G11<>"UPC Not Found"),G11,IFERROR(INDEX('Product Master'!$E$2:$E$200,MATCH($C11,'Product Master'!$A$2:$A$200,0)),"UPC Not Found"))) | I11: =IF(OR($C11="",H11="",G11="UPC Not Found"),"",H11-G11) | J11: =IF($C11="","",IF(H11="","Not Counted",IF(I11=0,"Match",IF(I11>0,"Overage","Shortage")))) | K11: =IF($C11="","",IF(AND(K11<>"",K11<>0),K11,$B$4))
A12: =IF($C12="","",IF(AND(A12<>"",A12<>0),A12,TODAY())) | B12: =IF($C12="","",IF(AND(B12<>"",B12<>0),B12,$E$4)) | D12: =IF($C12="","",IF(AND(D12<>"",D12<>0,D12<>"UPC Not Found"),D12,IFERROR(INDEX('Product Master'!$B$2:$B$200,MATCH($C12,'Product Master'!$A$2:$A$200,0)),"UPC Not Found"))) | E12: =IF($C12="","",IF(AND(E12<>"",E12<>0,E12<>"UPC Not Found"),E12,IFERROR(INDEX('Product Master'!$C$2:$C$200,MATCH($C12,'Product Master'!$A$2:$A$200,0)),"UPC Not Found"))) | F12: =IF($C12="","",IF(AND(F12<>"",F12<>0,F12<>"UPC Not Found"),F12,IFERROR(INDEX('Product Master'!$D$2:$D$200,MATCH($C12,'Product Master'!$A$2:$A$200,0)),"UPC Not Found"))) | G12: =IF($C12="","",IF(AND(G12<>"",G12<>0,G12<>"UPC Not Found"),G12,IFERROR(INDEX('Product Master'!$E$2:$E$200,MATCH($C12,'Product Master'!$A$2:$A$200,0)),"UPC Not Found"))) | I12: =IF(OR($C12="",H12="",G12="UPC Not Found"),"",H12-G12) | J12: =IF($C12="","",IF(H12="","Not Counted",IF(I12=0,"Match",IF(I12>0,"Overage","Shortage")))) | K12: =IF($C12="","",IF(AND(K12<>"",K12<>0),K12,$B$4))
A13: =IF($C13="","",IF(AND(A13<>"",A13<>0),A13,TODAY())) | B13: =IF($C13="","",IF(AND(B13<>"",B13<>0),B13,$E$4)) | D13: =IF($C13="","",IF(AND(D13<>"",D13<>0,D13<>"UPC Not Found"),D13,IFERROR(INDEX('Product Master'!$B$2:$B$200,MATCH($C13,'Product Master'!$A$2:$A$200,0)),"UPC Not Found"))) | E13: =IF($C13="","",IF(AND(E13<>"",E13<>0,E13<>"UPC Not Found"),E13,IFERROR(INDEX('Product Master'!$C$2:$C$200,MATCH($C13,'Product Master'!$A$2:$A$200,0)),"UPC Not Found"))) | F13: =IF($C13="","",IF(AND(F13<>"",F13<>0,F13<>"UPC Not Found"),F13,IFERROR(INDEX('Product Master'!$D$2:$D$200,MATCH($C13,'Product Master'!$A$2:$A$200,0)),"UPC Not Found"))) | G13: =IF($C13="","",IF(AND(G13<>"",G13<>0,G13<>"UPC Not Found"),G13,IFERROR(INDEX('Product Master'!$E$2:$E$200,MATCH($C13,'Product Master'!$A$2:$A$200,0)),"UPC Not Found"))) | I13: =IF(OR($C13="",H13="",G13="UPC Not Found"),"",H13-G13) | J13: =IF($C13="","",IF(H13="","Not Counted",IF(I13=0,"Match",IF(I13>0,"Overage","Shortage")))) | K13: =IF($C13="","",IF(AND(K13<>"",K13<>0),K13,$B$4))
A14: =IF($C14="","",IF(AND(A14<>"",A14<>0),A14,TODAY())) | B14: =IF($C14="","",IF(AND(B14<>"",B14<>0),B14,$E$4)) | D14: =IF($C14="","",IF(AND(D14<>"",D14<>0,D14<>"UPC Not Found"),D14,IFERROR(INDEX('Product Master'!$B$2:$B$200,MATCH($C14,'Product Master'!$A$2:$A$200,0)),"UPC Not Found"))) | E14: =IF($C14="","",IF(AND(E14<>"",E14<>0,E14<>"UPC Not Found"),E14,IFERROR(INDEX('Product Master'!$C$2:$C$200,MATCH($C14,'Product Master'!$A$2:$A$200,0)),"UPC Not Found"))) | F14: =IF($C14="","",IF(AND(F14<>"",F14<>0,F14<>"UPC Not Found"),F14,IFERROR(INDEX('Product Master'!$D$2:$D$200,MATCH($C14,'Product Master'!$A$2:$A$200,0)),"UPC Not Found"))) | G14: =IF($C14="","",IF(AND(G14<>"",G14<>0,G14<>"UPC Not Found"),G14,IFERROR(INDEX('Product Master'!$E$2:$E$200,MATCH($C14,'Product Master'!$A$2:$A$200,0)),"UPC Not Found"))) | I14: =IF(OR($C14="",H14="",G14="UPC Not Found"),"",H14-G14) | J14: =IF($C14="","",IF(H14="","Not Counted",IF(I14=0,"Match",IF(I14>0,"Overage","Shortage")))) | K14: =IF($C14="","",IF(AND(K14<>"",K14<>0),K14,$B$4))
A15: =IF($C15="","",IF(AND(A15<>"",A15<>0),A15,TODAY())) | B15: =IF($C15="","",IF(AND(B15<>"",B15<>0),B15,$E$4)) | D15: =IF($C15="","",IF(AND(D15<>"",D15<>0,D15<>"UPC Not Found"),D15,IFERROR(INDEX('Product Master'!$B$2:$B$200,MATCH($C15,'Product Master'!$A$2:$A$200,0)),"UPC Not Found"))) | E15: =IF($C15="","",IF(AND(E15<>"",E15<>0,E15<>"UPC Not Found"),E15,IFERROR(INDEX('Product Master'!$C$2:$C$200,MATCH($C15,'Product Master'!$A$2:$A$200,0)),"UPC Not Found"))) | F15: =IF($C15="","",IF(AND(F15<>"",F15<>0,F15<>"UPC Not Found"),F15,IFERROR(INDEX('Product Master'!$D$2:$D$200,MATCH($C15,'Product Master'!$A$2:$A$200,0)),"UPC Not Found"))) | G15: =IF($C15="","",IF(AND(G15<>"",G15<>0,G15<>"UPC Not Found"),G15,IFERROR(INDEX('Product Master'!$E$2:$E$200,MATCH($C15,'Product Master'!$A$2:$A$200,0)),"UPC Not Found"))) | I15: =IF(OR($C15="",H15="",G15="UPC Not Found"),"",H15-G15) | J15: =IF($C15="","",IF(H15="","Not Counted",IF(I15=0,"Match",IF(I15>0,"Overage","Shortage")))) | K15: =IF($C15="","",IF(AND(K15<>"",K15<>0),K15,$B$4))
A16: =IF($C16="","",IF(AND(A16<>"",A16<>0),A16,TODAY())) | B16: =IF($C16="","",IF(AND(B16<>"",B16<>0),B16,$E$4)) | D16: =IF($C16="","",IF(AND(D16<>"",D16<>0,D16<>"UPC Not Found"),D16,IFERROR(INDEX('Product Master'!$B$2:$B$200,MATCH($C16,'Product Master'!$A$2:$A$200,0)),"UPC Not Found"))) | E16: =IF($C16="","",IF(AND(E16<>"",E16<>0,E16<>"UPC Not Found"),E16,IFERROR(INDEX('Product Master'!$C$2:$C$200,MATCH($C16,'Product Master'!$A$2:$A$200,0)),"UPC Not Found"))) | F16: =IF($C16="","",IF(AND(F16<>"",F16<>0,F16<>"UPC Not Found"),F16,IFERROR(INDEX('Product Master'!$D$2:$D$200,MATCH($C16,'Product Master'!$A$2:$A$200,0)),"UPC Not Found"))) | G16: =IF($C16="","",IF(AND(G16<>"",G16<>0,G16<>"UPC Not Found"),G16,IFERROR(INDEX('Product Master'!$E$2:$E$200,MATCH($C16,'Product Master'!$A$2:$A$200,0)),"UPC Not Found"))) | I16: =IF(OR($C16="",H16="",G16="UPC Not Found"),"",H16-G16) | J16: =IF($C16="","",IF(H16="","Not Counted",IF(I16=0,"Match",IF(I16>0,"Overage","Shortage")))) | K16: =IF($C16="","",IF(AND(K16<>"",K16<>0),K16,$B$4))
A17: =IF($C17="","",IF(AND(A17<>"",A17<>0),A17,TODAY())) | B17: =IF($C17="","",IF(AND(B17<>"",B17<>0),B17,$E$4)) | D17: =IF($C17="","",IF(AND(D17<>"",D17<>0,D17<>"UPC Not Found"),D17,IFERROR(INDEX('Product Master'!$B$2:$B$200,MATCH($C17,'Product Master'!$A$2:$A$200,0)),"UPC Not Found"))) | E17: =IF($C17="","",IF(AND(E17<>"",E17<>0,E17<>"UPC Not Found"),E17,IFERROR(INDEX('Product Master'!$C$2:$C$200,MATCH($C17,'Product Master'!$A$2:$A$200,0)),"UPC Not Found"))) | F17: =IF($C17="","",IF(AND(F17<>"",F17<>0,F17<>"UPC Not Found"),F17,IFERROR(INDEX('Product Master'!$D$2:$D$200,MATCH($C17,'Product Master'!$A$2:$A$200,0)),"UPC Not Found"))) | G17: =IF($C17="","",IF(AND(G17<>"",G17<>0,G17<>"UPC Not Found"),G17,IFERROR(INDEX('Product Master'!$E$2:$E$200,MATCH($C17,'Product Master'!$A$2:$A$200,0)),"UPC Not Found"))) | I17: =IF(OR($C17="",H17="",G17="UPC Not Found"),"",H17-G17) | J17: =IF($C17="","",IF(H17="","Not Counted",IF(I17=0,"Match",IF(I17>0,"Overage","Shortage")))) | K17: =IF($C17="","",IF(AND(K17<>"",K17<>0),K17,$B$4))
A18: =IF($C18="","",IF(AND(A18<>"",A18<>0),A18,TODAY())) | B18: =IF($C18="","",IF(AND(B18<>"",B18<>0),B18,$E$4)) | D18: =IF($C18="","",IF(AND(D18<>"",D18<>0,D18<>"UPC Not Found"),D18,IFERROR(INDEX('Product Master'!$B$2:$B$200,MATCH($C18,'Product Master'!$A$2:$A$200,0)),"UPC Not Found"))) | E18: =IF($C18="","",IF(AND(E18<>"",E18<>0,E18<>"UPC Not Found"),E18,IFERROR(INDEX('Product Master'!$C$2:$C$200,MATCH($C18,'Product Master'!$A$2:$A$200,0)),"UPC Not Found"))) | F18: =IF($C18="","",IF(AND(F18<>"",F18<>0,F18<>"UPC Not Found"),F18,IFERROR(INDEX('Product Master'!$D$2:$D$200,MATCH($C18,'Product Master'!$A$2:$A$200,0)),"UPC Not Found"))) | G18: =IF($C18="","",IF(AND(G18<>"",G18<>0,G18<>"UPC Not Found"),G18,IFERROR(INDEX('Product Master'!$E$2:$E$200,MATCH($C18,'Product Master'!$A$2:$A$200,0)),"UPC Not Found"))) | I18: =IF(OR($C18="",H18="",G18="UPC Not Found"),"",H18-G18) | J18: =IF($C18="","",IF(H18="","Not Counted",IF(I18=0,"Match",IF(I18>0,"Overage","Shortage")))) | K18: =IF($C18="","",IF(AND(K18<>"",K18<>0),K18,$B$4))
A19: =IF($C19="","",IF(AND(A19<>"",A19<>0),A19,TODAY())) | B19: =IF($C19="","",IF(AND(B19<>"",B19<>0),B19,$E$4)) | D19: =IF($C19="","",IF(AND(D19<>"",D19<>0,D19<>"UPC Not Found"),D19,IFERROR(INDEX('Product Master'!$B$2:$B$200,MATCH($C19,'Product Master'!$A$2:$A$200,0)),"UPC Not Found"))) | E19: =IF($C19="","",IF(AND(E19<>"",E19<>0,E19<>"UPC Not Found"),E19,IFERROR(INDEX('Product Master'!$C$2:$C$200,MATCH($C19,'Product Master'!$A$2:$A$200,0)),"UPC Not Found"))) | F19: =IF($C19="","",IF(AND(F19<>"",F19<>0,F19<>"UPC Not Found"),F19,IFERROR(INDEX('Product Master'!$D$2:$D$200,MATCH($C19,'Product Master'!$A$2:$A$200,0)),"UPC Not Found"))) | G19: =IF($C19="","",IF(AND(G19<>"",G19<>0,G19<>"UPC Not Found"),G19,IFERROR(INDEX('Product Master'!$E$2:$E$200,MATCH($C19,'Product Master'!$A$2:$A$200,0)),"UPC Not Found"))) | I19: =IF(OR($C19="",H19="",G19="UPC Not Found"),"",H19-G19) | J19: =IF($C19="","",IF(H19="","Not Counted",IF(I19=0,"Match",IF(I19>0,"Overage","Shortage")))) | K19: =IF($C19="","",IF(AND(K19<>"",K19<>0),K19,$B$4))
A20: =IF($C20="","",IF(AND(A20<>"",A20<>0),A20,TODAY())) | B20: =IF($C20="","",IF(AND(B20<>"",B20<>0),B20,$E$4)) | D20: =IF($C20="","",IF(AND(D20<>"",D20<>0,D20<>"UPC Not Found"),D20,IFERROR(INDEX('Product Master'!$B$2:$B$200,MATCH($C20,'Product Master'!$A$2:$A$200,0)),"UPC Not Found"))) | E20: =IF($C20="","",IF(AND(E20<>"",E20<>0,E20<>"UPC Not Found"),E20,IFERROR(INDEX('Product Master'!$C$2:$C$200,MATCH($C20,'Product Master'!$A$2:$A$200,0)),"UPC Not Found"))) | F20: =IF($C20="","",IF(AND(F20<>"",F20<>0,F20<>"UPC Not Found"),F20,IFERROR(INDEX('Product Master'!$D$2:$D$200,MATCH($C20,'Product Master'!$A$2:$A$200,0)),"UPC Not Found"))) | G20: =IF($C20="","",IF(AND(G20<>"",G20<>0,G20<>"UPC Not Found"),G20,IFERROR(INDEX('Product Master'!$E$2:$E$200,MATCH($C20,'Product Master'!$A$2:$A$200,0)),"UPC Not Found"))) | I20: =IF(OR($C20="",H20="",G20="UPC Not Found"),"",H20-G20) | J20: =IF($C20="","",IF(H20="","Not Counted",IF(I20=0,"Match",IF(I20>0,"Overage","Shortage")))) | K20: =IF($C20="","",IF(AND(K20<>"",K20<>0),K20,$B$4))
A21: =IF($C21="","",IF(AND(A21<>"",A21<>0),A21,TODAY())) | B21: =IF($C21="","",IF(AND(B21<>"",B21<>0),B21,$E$4)) | D21: =IF($C21="","",IF(AND(D21<>"",D21<>0,D21<>"UPC Not Found"),D21,IFERROR(INDEX('Product Master'!$B$2:$B$200,MATCH($C21,'Product Master'!$A$2:$A$200,0)),"UPC Not Found"))) | E21: =IF($C21="","",IF(AND(E21<>"",E21<>0,E21<>"UPC Not Found"),E21,IFERROR(INDEX('Product Master'!$C$2:$C$200,MATCH($C21,'Product Master'!$A$2:$A$200,0)),"UPC Not Found"))) | F21: =IF($C21="","",IF(AND(F21<>"",F21<>0,F21<>"UPC Not Found"),F21,IFERROR(INDEX('Product Master'!$D$2:$D$200,MATCH($C21,'Product Master'!$A$2:$A$200,0)),"UPC Not Found"))) | G21: =IF($C21="","",IF(AND(G21<>"",G21<>0,G21<>"UPC Not Found"),G21,IFERROR(INDEX('Product Master'!$E$2:$E$200,MATCH($C21,'Product Master'!$A$2:$A$200,0)),"UPC Not Found"))) | I21: =IF(OR($C21="",H21="",G21="UPC Not Found"),"",H21-G21) | J21: =IF($C21="","",IF(H21="","Not Counted",IF(I21=0,"Match",IF(I21>0,"Overage","Shortage")))) | K21: =IF($C21="","",IF(AND(K21<>"",K21<>0),K21,$B$4))
... A206: =IF($C206="","",IF(AND(A206<>"",A206<>0),A206,TODAY())) | B206: =IF($C206="","",IF(AND(B206<>"",B206<>0),B206,$E$4)) | D206: =IF($C206="","",IF(AND(D206<>"",D206<>0,D206<>"UPC Not Found"),D206,IFERROR(INDEX('Product Master'!$B$2:$B$200,MATCH($C206,'Product Master'!$A$2:$A$200,0)),"UPC Not Found"))) | E206: =IF($C206="","",IF(AND(E206<>"",E206<>0,E206<>"UPC Not Found"),E206,IFERROR(INDEX('Product Master'!$C$2:$C$200,MATCH($C206,'Product Master'!$A$2:$A$200,0)),"UPC Not Found"))) | F206: =IF($C206="","",IF(AND(F206<>"",F206<>0,F206<>"UPC Not Found"),F206,IFERROR(INDEX('Product Master'!$D$2:$D$200,MATCH($C206,'Product Master'!$A$2:$A$200,0)),"UPC Not Found"))) | G206: =IF($C206="","",IF(AND(G206<>"",G206<>0,G206<>"UPC Not Found"),G206,IFERROR(INDEX('Product Master'!$E$2:$E$200,MATCH($C206,'Product Master'!$A$2:$A$200,0)),"UPC Not Found"))) | I206: =IF(OR($C206="",H206="",G206="UPC Not Found"),"",H206-G206) | J206: =IF($C206="","",IF(H206="","Not Counted",IF(I206=0,"Match",IF(I206>0,"Overage","Shortage")))) | K206: =IF($C206="","",IF(AND(K206<>"",K206<>0),K206,$B$4))

Sheet Product Master
A1: UPC | B1: SKU | C1: Product Name | D1: Description | E1: Expected Quantity
A2: 012345678905 | B2: BEV-COLA-12OZ | C2: Cola 12oz Can (24-pack) | D2: Carbonated soft drink, 24 x 12oz cans | E2: 180
A3: 041234567890 | B3: SNK-CHIP-BBQ | C3: BBQ Potato Chips 8oz | D3: Bagged snack, BBQ flavor, 8oz bag, case of 12 | E3: 96
A4: 073456789012 | B4: DRY-PASTA-16 | C4: Spaghetti Pasta 16oz | D4: Dry pasta, 16oz box, case of 20 | E4: 60
A5: 099876543210 | B5: CLN-SPRAY-32 | C5: All-Purpose Cleaner 32oz | D5: Multi-surface spray cleaner, 32oz bottle | E5: 45
A6: 055512340009 | B6: PPR-TOWEL-6PK | C6: Paper Towels 6-Roll Pack | D6: Household paper towels, 6 rolls per pack | E6: 72

Sheet Lists
A1: Auditor Initials | B1: Location | C1: Employee Names
A2: JS | B2: BOH | C2: Jamie Smith
A3: MK | B3: Floor | C3: Morgan Kim
A4: AL | C4: Ade Lawal

Sheet Instructions
A1: SKU Inventory Audit Workbook — Instructions
A3: AUDIT WORKFLOW
A4: 1. On the SKU Audit sheet, set Active Auditor Initials (cell B4) and Active Location (cell E4).
A5: 2. Scan or type the UPC into the UPC column for the next blank row.
A6: 3. SKU, Product Name, Description, and Expected Qty auto-populate from the Product Master sheet.
A7: 4. Enter the Counted Qty; Variance and Discrepancy Status calculate automatically.
A8: 5. The Scan Date, Location, and Auditor Initials are stamped onto the row and never change again,
A9: even if the control panel is updated later — this preserves audit history.
A10: 6. A second employee can be recorded under Check By User to verify the count.
A11: 7. If a discrepancy is resolved or inventory is written off, record the responsible employee under
A12: Marked Out By User, and document details in Notes.
A13: 8. Use the filter arrows on the table header to sort or review by date, location, SKU, UPC, user,
... A41: and workflow — delete or overwrite them before starting a real audit.
